document_id,name,email,phone,create_at
100000001,María González,maria.gonzalez@email.com,+57 300 123 4567,2024-01-15 09:30:00
100000002,Carlos Rodríguez,carlos.rodriguez@email.com,+57 301 234 5678,2024-01-16 10:15:00
100000003,Ana Martínez,ana.martinez@email.com,+57 302 345 6789,2024-01-17 11:20:00
100000004,Javier López,javier.lopez@email.com,+57 303 456 7890,2024-01-18 14:45:00
100000005,Laura Ramírez,laura.ramirez@email.com,+57 304 567 8901,2024-01-19 16:30:00
100000006,Pedro Sánchez,pedro.sanchez@email.com,+57 305 678 9012,2024-01-20 08:20:00
100000007,Sofía Torres,sofia.torres@email.com,+57 306 789 0123,2024-01-21 12:10:00
100000008,Diego Fernández,diego.fernandez@email.com,+57 307 890 1234,2024-01-22 15:40:00
100000009,Isabella Gómez,isabella.gomez@email.com,+57 308 901 2345,2024-01-23 17:25:00
100000010,Andrés Díaz,andres.diaz@email.com,+57 309 012 3456,2024-01-24 09:50:00
100000011,Valentina Herrera,valentina.herrera@email.com,+57 310 123 4567,2024-01-25 11:15:00
100000012,Camilo Vargas,camilo.vargas@email.com,+57 311 234 5678,2024-01-26 13:30:00
100000013,Daniela Ruiz,daniela.ruiz@email.com,+57 312 345 6789,2024-01-27 14:45:00
100000014,Miguel Silva,miguel.silva@email.com,+57 313 456 7890,2024-01-28 16:20:00
100000015,Carolina Mendoza,carolina.mendoza@email.com,+57 314 567 8901,2024-01-29 10:30:00
100000016,Ricardo Rojas,ricardo.rojas@email.com,+57 315 678 9012,2024-01-30 12:40:00
100000017,Paula Castro,paula.castro@email.com,+57 316 789 0123,2024-01-31 15:10:00
100000018,José Peña,jose.pena@email.com,+57 317 890 1234,2024-02-01 17:35:00
100000019,Andrea Suárez,andrea.suarez@email.com,+57 318 901 2345,2024-02-02 09:25:00
100000020,Felipe Navarro,felipe.navarro@email.com,+57 319 012 3456,2024-02-03 11:50:00